/*
SQLyog Ultimate v12.09 (64 bit)
MySQL - 5.5.8 : Database - happyfan_sys_db
*********************************************************************
*/

/*!40101 SET NAMES utf8 */;

/*!40101 SET SQL_MODE=''*/;

/*!40014 SET @OLD_UNIQUE_CHECKS=@@UNIQUE_CHECKS, UNIQUE_CHECKS=0 */;
/*!40014 SET @OLD_FOREIGN_KEY_CHECKS=@@FOREIGN_KEY_CHECKS, FOREIGN_KEY_CHECKS=0 */;
/*!40101 SET @OLD_SQL_MODE=@@SQL_MODE, SQL_MODE='NO_AUTO_VALUE_ON_ZERO' */;
/*!40111 SET @OLD_SQL_NOTES=@@SQL_NOTES, SQL_NOTES=0 */;
/*Table structure for table `admin_advanced_functions` */

DROP TABLE IF EXISTS `admin_advanced_functions`;

CREATE TABLE `admin_advanced_functions` (
  `aafNo` int(11) NOT NULL AUTO_INCREMENT COMMENT '權限編號',
  `aafID` int(11) DEFAULT NULL COMMENT '權限ID',
  `aafName` varchar(50) DEFAULT NULL COMMENT '權限名稱',
  PRIMARY KEY (`aafNo`)
) ENGINE=InnoDB AUTO_INCREMENT=258 DEFAULT CHARSET=utf8;

/*Data for the table `admin_advanced_functions` */

insert  into `admin_advanced_functions`(`aafNo`,`aafID`,`aafName`) values (213,100,'【進件作業】以下選項顯示'),(214,101,'　　§ 已下單-Email未認證'),(215,102,'　　§ 未進件列表'),(216,103,'　　§ 未進件列表-待補'),(217,104,'　　§ 未進件列表-客戶自行補件'),(218,105,'　　§ 已授信列表-待補'),(219,106,'　　§ 已授信列表-客戶自行補件'),(220,107,'　　§ 未進件列表(機車/手機'),(221,108,'　　§ 進件查核表'),(222,200,'【徵信作業】以下選項顯示'),(223,201,'　　§ 徵信派件'),(224,202,'　　§ 徵信作業'),(225,300,'【授信作業】以下選項顯示'),(226,301,'　　§ 授信派件'),(227,302,'　　§ 授信作業'),(228,303,'　　§ 已授信案件'),(229,400,'【買帳作業】以下選項顯示'),(230,401,'　　§ 待撥款案件列表'),(231,402,'　　§ 撥款作業'),(232,403,'　　§ 撥款完成案件列表'),(233,404,'　　§ CMC撥款檔下載'),(234,405,'　　§ CMC撥款成功檔'),(235,406,'　　§ 還款檔'),(236,407,'　　§ 還款檔上傳紀錄'),(237,500,'【會計作業】以下選項顯示'),(238,501,'　　§ 調帳作業'),(239,502,'　　§ 溢收款及結清狀態'),(240,503,'　　§ 會計欲撥款案件'),(241,504,'　　§ 會計匯出檔案'),(242,600,'【催收作業】以下選項顯示'),(243,601,'　　§ 我的催收案件'),(244,602,'　　§ 全部催收案件'),(245,603,'　　§ 簡訊紀錄'),(246,604,'　　§ 催收人員管理'),(247,700,'【供應商管理】 '),(248,800,'【參數設定】以下選項顯示'),(249,801,'　　§ 帳密管理'),(250,802,'　　§ 腳色管理'),(251,304,'　　§ 授信案件統計'),(252,305,'　　§ 每日授信案件統計'),(253,505,'　　§ 匯出客供應報表'),(254,506,'　　§ 匯入文中發票檔'),(255,10,'【會員資訊】'),(256,11,'【總案件查詢-Allan專用】'),(257,12,'【總案件查詢-一般】');

/*Table structure for table `admin_advanced_roles` */

DROP TABLE IF EXISTS `admin_advanced_roles`;

CREATE TABLE `admin_advanced_roles` (
  `aarNo` int(11) NOT NULL AUTO_INCREMENT COMMENT '腳色編號',
  `aafID` varchar(500) DEFAULT NULL COMMENT '擁有權限',
  `aarName` varchar(50) DEFAULT NULL COMMENT '腳色名稱',
  PRIMARY KEY (`aarNo`)
) ENGINE=InnoDB AUTO_INCREMENT=11 DEFAULT CHARSET=utf8;

/*Data for the table `admin_advanced_roles` */

insert  into `admin_advanced_roles`(`aarNo`,`aafID`,`aarName`) values (1,'[10,11,12,\"100\",\"101\",\"102\",\"103\",\"104\",\"105\",\"106\",\"107\",\"108\",\"200\",\"201\",\"202\",\"300\",\"301\",\"302\",\"303\",\"304\",\"305\",\"400\",\"401\",\"402\",\"403\",\"404\",\"405\",\"406\",\"407\",\"500\",\"501\",\"502\",\"503\",\"504\",\"505\",\"506\",\"600\",\"601\",\"602\",\"603\",\"604\",\"700\",\"800\",\"801\",\"802\"]','總管理員'),(2,'[\"10\",\"11\",\"12\",\"100\",\"101\",\"102\",\"103\",\"104\",\"105\",\"106\",\"107\",\"108\"]','客服人員'),(3,'[\"10\",\"11\",\"12\",\"200\",\"202\"]','徵信人員'),(4,'[\"10\",\"11\",\"12\",\"200\",\"201\",\"202\"]','徵信主管'),(5,'[\"10\",\"11\",\"12\",\"200\",\"202\",\"300\",\"301\",\"302\",\"303\",\"304\",\"305\"]','授信人員'),(6,'[\"10\",\"11\",\"12\",\"200\",\"201\",\"202\",\"300\",\"301\",\"302\",\"303\",\"304\",\"305\"]','授信主管'),(7,'[\"10\",\"11\",\"12\",\"500\",\"501\",\"502\",\"503\",\"504\",\"505\",\"506\"]','會計人員'),(8,'[\"10\",\"11\",\"12\",\"600\",\"601\",\"602\"]','催收人員'),(9,'[\"10\",\"11\",\"12\",\"601\",\"602\",\"604\"]','催收主管'),(10,'[\"10\",\"11\",\"12\",\"300\",\"303\",\"400\",\"401\",\"402\",\"403\",\"404\",\"405\",\"406\",\"407\",\"700\"]','撥款人員');

/*Table structure for table `admin_advanced_user` */

DROP TABLE IF EXISTS `admin_advanced_user`;

CREATE TABLE `admin_advanced_user` (
  `aauNo` int(11) NOT NULL AUTO_INCREMENT COMMENT '使用者編號',
  `aarNo` text COMMENT '所屬腳色(多值)',
  `aauAccount` varchar(50) DEFAULT NULL COMMENT '帳號',
  `aauPwd` varchar(50) DEFAULT NULL COMMENT '密碼',
  `aauName` varchar(50) DEFAULT NULL COMMENT '姓名',
  `aauEmail` varchar(50) DEFAULT NULL COMMENT 'Email',
  `aauCell` varchar(50) DEFAULT NULL COMMENT '手機',
  `aauExt` varchar(50) DEFAULT NULL COMMENT '公司分機',
  `aauStartDay` varchar(50) DEFAULT NULL COMMENT '到職日期',
  `aauLeaveDay` varchar(50) DEFAULT NULL COMMENT '離職日期',
  `aauNoUpdate` varchar(50) DEFAULT NULL COMMENT '建檔人員',
  `aauNoCreate` varchar(50) DEFAULT NULL COMMENT '建檔人員',
  `aauUpdateDate` datetime DEFAULT '0000-00-00 00:00:00' COMMENT '修改日期',
  `aauDate` datetime DEFAULT '0000-00-00 00:00:00' COMMENT '建立日期',
  PRIMARY KEY (`aauNo`)
) ENGINE=InnoDB AUTO_INCREMENT=70 DEFAULT CHARSET=utf8;

/*Data for the table `admin_advanced_user` */

insert  into `admin_advanced_user`(`aauNo`,`aarNo`,`aauAccount`,`aauPwd`,`aauName`,`aauEmail`,`aauCell`,`aauExt`,`aauStartDay`,`aauLeaveDay`,`aauNoUpdate`,`aauNoCreate`,`aauUpdateDate`,`aauDate`) values (1,'[]','admin','7788不要9','最強管理員','','','','','','2','1','2017-03-22 09:58:55','2017-03-22 00:24:15'),(2,'[\"1\"]','3827','Cc120911810','郭原彰','andy_kuo@21-finance.com','0956709830','2238','2016-01-20','',NULL,NULL,'2017-03-22 08:44:54','2017-03-22 08:44:54'),(3,'[\"1\"]','0002','0002','周厚宇','','','','','',NULL,NULL,'2017-03-22 08:50:12','2017-03-22 08:50:12'),(4,'[\"6\"]','0004','0004','劉鴻儀','','','','','','25',NULL,'2017-06-05 11:26:47','2017-03-22 08:51:10'),(5,'[]','0005','xz4c4z6x4c65asd','楊淑怡','','','','','','2',NULL,'2017-06-08 12:03:29','2017-03-22 08:52:53'),(6,'[\"5\"]','0006','0006','林雨儂','','','','','','2',NULL,'2017-03-22 09:04:31','2017-03-22 08:58:17'),(7,'[\"5\"]','0027','0027','張心萍','','','','','',NULL,NULL,'2017-03-22 09:05:25','2017-03-22 09:05:25'),(8,'[\"7\"]','0045','0045','臧怡喬','','','','','',NULL,NULL,'2017-03-22 09:06:01','2017-03-22 09:06:01'),(9,'[\"7\"]','0046','0046','林淑芬','','','','','',NULL,NULL,'2017-03-22 09:06:24','2017-03-22 09:06:24'),(10,'[\"2\"]','0047','0047','陳盈靜','','','','','',NULL,NULL,'2017-03-22 09:07:05','2017-03-22 09:07:05'),(11,'[\"5\"]','0075','0075','黃詩璇','','','','','',NULL,NULL,'2017-03-22 09:19:25','2017-03-22 09:19:25'),(12,'[\"2\"]','0078','0078','林珮琪','','','','','',NULL,NULL,'2017-03-22 09:20:10','2017-03-22 09:20:10'),(13,'[\"7\"]','0086','0086','施貞里','','','','','',NULL,NULL,'2017-03-22 09:21:56','2017-03-22 09:21:56'),(14,'[\"6\"]','0094','0094','王明淑','','','','','','2',NULL,'2017-06-08 12:40:40','2017-03-22 09:22:31'),(15,'[]','0096','0096','戴維儀','','','','','','2',NULL,'2017-03-22 09:23:13','2017-03-22 09:23:13'),(16,'[\"2\"]','0100','0100','劉晨妤','','','','','',NULL,NULL,'2017-03-22 09:23:37','2017-03-22 09:23:37'),(17,'[\"2\",\"3\",\"5\",\"10\"]','0103','0103','林青嵐','','','','','','2',NULL,'2017-03-23 12:39:24','2017-03-22 09:24:04'),(18,'[\"10\"]','0120','0120','楊宇婷','','','','','',NULL,NULL,'2017-03-22 09:24:37','2017-03-22 09:24:37'),(19,'[\"5\"]','0125','0125','王婷儀','','','','','',NULL,NULL,'2017-03-22 09:25:07','2017-03-22 09:25:07'),(20,'[\"5\"]','0134','0134','劉懿萱','','','','','',NULL,NULL,'2017-03-22 09:25:40','2017-03-22 09:25:40'),(21,'[\"2\"]','0137','0137','段泓逸','','','','','','2',NULL,'2017-03-27 15:18:25','2017-03-22 09:26:04'),(22,'[\"3\"]','0139','0139','張嘉真','','','','','',NULL,NULL,'2017-03-22 09:27:34','2017-03-22 09:27:34'),(23,'[\"3\"]','0140','0140','沈靖姍','','','','','',NULL,NULL,'2017-03-22 09:28:10','2017-03-22 09:28:10'),(24,'[]','0141','21-finance','林彤','','','','','','2',NULL,'2017-05-17 14:19:54','2017-03-22 09:32:54'),(25,'[]','0142','0142','張佩儒-5F','','','','','','2',NULL,'2017-05-19 17:38:46','2017-03-22 09:33:33'),(26,'[\"2\",\"4\",\"6\"]','0143','0143','小瑛-5F','','','','','','2',NULL,'2017-06-03 16:20:25','2017-03-22 09:33:54'),(27,'[\"5\"]','0144','asd546c4zx6c','林宜巧-5F','','','','','','53',NULL,'2017-05-22 12:10:01','2017-03-22 09:34:25'),(28,'[\"5\"]','0145','0145','周欣潔-5F','','','','','',NULL,NULL,'2017-03-22 09:34:51','2017-03-22 09:34:51'),(29,'[]','0146','asd56zx4c6sad','李欣儒-5F','','','','','','2',NULL,'2017-05-22 12:11:24','2017-03-22 09:35:21'),(30,'[\"5\"]','0146','a5s4d64a6c4z56xc','李欣儒-5F','','','','','','53',NULL,'2017-05-22 12:10:46','2017-03-22 09:35:21'),(31,'[]','0147','21-finance','王麗瑞-5F','','','','','','2',NULL,'2017-05-17 14:20:54','2017-03-22 09:35:48'),(32,'[\"2\"]','0152','0152','郭妤庭','','','','','',NULL,NULL,'2017-03-22 09:36:13','2017-03-22 09:36:13'),(33,'[\"5\"]','0154','0154','陳微穎-5F','','','','','',NULL,NULL,'2017-03-22 09:36:38','2017-03-22 09:36:38'),(34,'[]','0159','0159','宋芷宜-5F','','','','','','2',NULL,'2017-05-26 10:35:41','2017-03-22 09:37:01'),(35,'[]','0161','21-finance','陳世昌','','','','','','2',NULL,'2017-05-17 14:19:06','2017-03-22 09:37:25'),(36,'[\"7\"]','0162','0162','陳曉雲-5F','','','','','',NULL,NULL,'2017-03-22 09:37:48','2017-03-22 09:37:48'),(37,'[\"5\"]','0165','zx23c13z2x','許佳容-5F','','','','','','53',NULL,'2017-06-08 12:04:26','2017-03-22 09:38:12'),(38,'[\"5\"]','0166','0166','徐雅琳-5F','','','','','',NULL,NULL,'2017-03-22 09:38:32','2017-03-22 09:38:32'),(39,'[\"1\"]','tom','0921944765','tom','','','','','','2',NULL,'2017-03-22 09:51:09','2017-03-22 09:43:20'),(40,'[\"1\"]','rick','0978994731','rick','','','','','',NULL,NULL,'2017-03-22 09:50:41','2017-03-22 09:50:41'),(41,'[]','0164','21-finance','劉漢鈞','','','','','','2',NULL,'2017-05-17 14:21:23','2017-03-24 12:49:02'),(42,'[\"2\"]','0021','0021','周麗香','','','','','',NULL,NULL,'2017-03-27 11:57:56','2017-03-27 11:57:56'),(43,'[]','0169','21-finance','陳宇桐','','','','','','2',NULL,'2017-05-22 12:13:55','2017-03-27 17:51:07'),(44,'[\"9\"]','0020','0020','陳勝義','','','','','',NULL,NULL,'2017-04-02 23:39:18','2017-04-02 23:39:18'),(45,'[\"8\"]','0041','0041','藍予均','','','','','',NULL,NULL,'2017-04-02 23:39:43','2017-04-02 23:39:43'),(46,'[\"9\"]','0068','0068','林姿勤','','','','','',NULL,NULL,'2017-04-02 23:40:08','2017-04-02 23:40:08'),(47,'[\"8\"]','0071','0071','楊艾樺','','','','','','2',NULL,'2017-04-02 23:40:38','2017-04-02 23:40:38'),(48,'[\"8\"]','0074','0074','黃有鍾','','','','','',NULL,NULL,'2017-04-02 23:41:27','2017-04-02 23:41:27'),(49,'[\"8\"]','0076','0076','王瑋儀','','','','','',NULL,NULL,'2017-04-02 23:41:50','2017-04-02 23:41:50'),(50,'[\"8\"]','0099','0099','曾美菊','','','','','',NULL,NULL,'2017-04-02 23:42:15','2017-04-02 23:42:15'),(51,'[\"8\"]','0118','0118','李澤承','','','','','',NULL,NULL,'2017-04-02 23:42:45','2017-04-02 23:42:45'),(52,'[\"8\"]','0133','0133','程友麟','','','','','',NULL,NULL,'2017-04-02 23:43:10','2017-04-02 23:43:10'),(53,'[\"1\"]','0132','0132','王俊閔','','','','','',NULL,NULL,'2017-04-05 09:19:25','2017-04-05 09:19:25'),(54,'[\"5\"]','0171','0171','周宜錚','','','','','','2',NULL,'2017-06-03 14:44:29','2017-04-05 09:47:45'),(55,'[\"6\"]','0170','0170','林弘偉','','','','','','25',NULL,'2017-06-03 14:51:58','2017-04-05 09:52:16'),(56,'[\"2\",\"3\"]','0172','0172','林治宏','','','','','','2',NULL,'2017-06-08 14:49:24','2017-04-06 14:05:29'),(57,'[\"5\"]','0173','0173','徐圓媛','','','','','','2',NULL,'2017-04-14 11:52:10','2017-04-10 09:58:31'),(58,'[]','0144','zx23c1asd','林宜巧','','','','','','2',NULL,'2017-06-08 12:05:37','2017-04-11 09:18:47'),(59,'[\"3\"]','0176','0176','黃正展','','','','','','2',NULL,'2017-04-25 11:29:38','2017-04-25 11:29:38'),(60,'[\"10\"]','0175','0175','黃妍嘉','','','','','','2',NULL,'2017-04-25 12:22:10','2017-04-25 11:30:39'),(61,'[]','0180','0180','黃莉語','','','','','','2',NULL,'2017-05-10 10:10:40','2017-05-10 10:10:40'),(62,'[\"2\"]','0172','0172',' 高銓妙','','','','','','2',NULL,'2017-05-17 14:23:33','2017-05-10 10:28:32'),(63,'[\"8\"]','0181','0181','黃茂峰','','','','','',NULL,NULL,'2017-05-16 11:16:39','2017-05-16 11:16:39'),(64,'[]','0182','0182','孫芝妮','','','','','','2',NULL,'2017-05-17 10:22:33','2017-05-17 10:22:33'),(65,'[]','0201','0201','陳姵妏','','','','','','2',NULL,'2017-05-24 11:03:02','2017-05-17 14:40:29'),(66,'[\"2\"]','0202','0202','江雅惠','','','','','',NULL,NULL,'2017-05-17 14:44:07','2017-05-17 14:44:07'),(67,'[\"2\"]','0183','0183','陳筱婷','','','','','',NULL,NULL,'2017-05-22 11:29:44','2017-05-22 11:29:44'),(68,'[\"2\"]','0185','0185','郭文晴','','','','','','2',NULL,'2017-06-07 18:42:02','2017-06-03 15:50:17'),(69,'[\"1\"]','0186','0186','黃鼎鈞','','','','','',NULL,NULL,'2017-06-05 10:45:49','2017-06-05 10:45:49');

/*Table structure for table `urge_user` */

DROP TABLE IF EXISTS `urge_user`;

CREATE TABLE `urge_user` (
  `uuNo` int(11) NOT NULL AUTO_INCREMENT COMMENT '編號',
  `aauNo` int(11) DEFAULT NULL COMMENT '對應人員',
  `upNo` int(11) DEFAULT NULL COMMENT '屬於M幾',
  `uuDate` datetime DEFAULT NULL COMMENT '建立時間',
  PRIMARY KEY (`uuNo`)
) ENGINE=InnoDB AUTO_INCREMENT=38 DEFAULT CHARSET=utf8;

/*Data for the table `urge_user` */

insert  into `urge_user`(`uuNo`,`aauNo`,`upNo`,`uuDate`) values (1,1,1,'2017-06-19 17:50:17'),(2,44,2,'2017-03-24 12:57:47'),(3,44,3,'2017-03-24 12:58:02'),(4,44,4,'2017-03-24 12:58:16'),(5,44,5,'2017-03-24 12:58:30'),(6,44,6,'2017-03-24 12:58:43'),(7,44,7,'2017-03-24 12:58:54'),(8,44,8,'2017-03-24 12:59:06'),(13,48,2,'2017-04-02 23:52:57'),(14,48,3,'2017-04-02 23:55:47'),(15,48,4,'2017-04-02 23:55:59'),(16,48,5,'2017-04-02 23:56:11'),(17,48,6,'2017-04-02 23:56:21'),(18,48,7,'2017-04-02 23:56:31'),(19,48,8,'2017-04-02 23:56:40'),(20,49,2,'2017-04-02 23:58:04'),(21,49,3,'2017-04-02 23:58:13'),(22,49,4,'2017-04-02 23:58:28'),(23,49,5,'2017-04-02 23:58:42'),(24,49,6,'2017-04-02 23:58:52'),(25,49,7,'2017-04-02 23:59:01'),(26,49,8,'2017-04-02 23:59:17'),(27,49,1,'2017-05-26 10:36:31'),(28,48,1,'2017-06-13 18:02:37'),(29,44,1,'2017-06-13 18:02:58'),(30,63,2,'2017-06-13 18:03:08'),(31,63,3,'2017-06-13 18:03:26'),(32,63,4,'2017-06-13 18:03:38'),(33,63,1,'2017-06-13 18:03:49'),(34,63,5,'2017-06-15 18:23:24'),(35,63,6,'2017-06-15 18:23:40'),(36,63,7,'2017-06-15 18:24:17'),(37,63,8,'2017-06-15 18:24:31');

/*!40101 SET SQL_MODE=@OLD_SQL_MODE */;
/*!40014 SET FOREIGN_KEY_CHECKS=@OLD_FOREIGN_KEY_CHECKS */;
/*!40014 SET UNIQUE_CHECKS=@OLD_UNIQUE_CHECKS */;
/*!40111 SET SQL_NOTES=@OLD_SQL_NOTES */;
